number,source,name,tag,save_name,Probe from,Probe to,Data type,probe from extraction,probe to extraction,handler
1,historical_figure.csv,hist_fig_birthyear,Historical figures,hist_fig_birthyear.csv,name,birth_year,Continuous data,name,birth_year,simple
2,historical_figure.csv,hist_fig_deathyear,Historical figures,hist_fig_deathyear.csv,name,death_year,Continuous data,name,death_year,simple
3,historical_figure.csv,hist_fig_age,Historical figures,hist_fig_age.csv,name,age,Continuous data,name,age,simple
4,historical_figure.csv,hist_fig_ismale,Historical figures,hist_fig_ismale.csv,name,gender,Binary Classification,name,gender == 'Male',simple
5,historical_figure.csv,hist_fig_isamerican,Historical figures,hist_fig_isamerican.csv,name,country,Binary Classification,name,country == 'United States',simple
6,historical_figure.csv,hist_fig_ispolitician,Historical figures,hist_fig_ispolitician.csv,name,occupation,Binary Classification,name,"occupation.str.contains('politician|president', case=False, na=False)",simple
7,nyc_place.csv,nyc_lat,NYC Places,nyc_lat.csv,name,latitude,Continuous data,name,latitude,simple
8,nyc_place.csv,nyc_long,NYC Places,nyc_long.csv,name,longitude,Continuous data,name,longitude,simple
9,nyc_place.csv,nyc_borough,NYC Places,nyc_borough.csv,name,borough_name,Multiclass classification,name,borough_name,simple
10,us_place.csv,us_lat,US places,us_lat.csv,name,latitude,Continuous data,name,latitude,simple
11,us_place.csv,us_long,US places,us_long.csv,name,longitude,Continuous data,name,longitude,simple
12,us_place.csv,us_state,US places,us_state.csv,name,state_name,Multiclass classification,name,state_name,simple
13,us_place.csv,us_timezone,US places,us_timezone.csv,name,timezone,Multiclass classification,name,timezone,simple
14,us_place.csv,us_population,US places,us_population.csv,name,population,Continuous data,name,population,simple
15,us_place.csv,us_density,US places,us_density.csv,name,density,Continuous data,name,density,simple
16,world_place.csv,world_country,World Places,world_country.csv,name,country,Multiclass classification,name,country,simple
17,world_place.csv,world_latitude,World Places,world_latitude.csv,name,latitude,Continuous data,name,latitude,simple
18,world_place.csv,world_longitude,World Places,world_longitude.csv,name,longitude,Continuous data,name,longitude,simple
19,world_place.csv,world_pageviews,World Places,world_pageviews.csv,name,page_views,Continuous data,name,page_views,simple
20,headline.csv,headline_istrump,Headline,headline_istrump.csv,headline,is_trump,Binary Classification,headline,is_trump == True,simple
21,headline.csv,headline_isobama,Headline,headline_isobama.csv,headline,is_obama,Binary Classification,headline,is_obama == True,simple
22,headline.csv,headline_ischina,Headline,headline_ischina.csv,headline,is_china,Binary Classification,headline,is_china == True,simple
23,headline.csv,headline_isiran,Headline,headline_isiran.csv,headline,is_iran,Binary Classification,headline,is_iran == True,simple
24,headline.csv,headline_year,Headline,headline_year.csv,headline,year,Multiclass classification,headline,year,simple
25,headline.csv,headline_isfrontpage,Headline,headline_isfrontpage.csv,headline,print_page,Binary Classification,headline,print_page == 1,simple
26,art.csv,art_type,Art,art_type.csv,title,entity_type,Multiclass classification,title,entity_type,simple
27,art.csv,art_year,Art,art_year.csv,title,release_date,Continuous data,title,release_date,simple
28,art.csv,art_pageviews,Art,art_pageviews.csv,title,page_views,Continuous data,title,page_views,simple
29,art.csv,book_length,Art,book_length.csv,title,length,Continuous data,title,length,simple
30,sciq-train.parquet,sciq_tf,MC Science Qs,sciq_tf.csv,"question, distractor1, distractor2, distractor3","correct_answer",Binary Classification,,,generic_mcq_balancer
31,basic-arithmetic.jsonl,arith_mc,Basic arithmetic,arith_mc.csv,"question,choices.text,choices.label",answerKey, Multiclass Classification,,,arithmetic_label
32,basic-arithmetic.jsonl,arith_difficulty,Basic arithmetic,arith_difficulty.csv,"question,choices.text,choices.label",type_tag,Multiclass Classification,,,choices_dict_label
33,truthful-qa-gen.parquet,truthqa_tf,TruthfulQA,truthqa_tf.csv,"question, incorrect_answers","correct_answers",Binary Classification,,,generic_mcq_balancer
34,nyc_place.csv,nyc_borough_Manhattan,NYC Boroughs,nyc_borough_Manhattan.csv,name,borough_name,Binary Classification,name,borough_name == 'Manhattan',simple
35,nyc_place.csv,nyc_borough_Brooklyn,NYC Boroughs,nyc_borough_Brooklyn.csv,name,borough_name,Binary Classification,name,borough_name == 'Brooklyn',simple
36,nyc_place.csv,nyc_borough_Bronx,NYC Boroughs,nyc_borough_Bronx.csv,name,borough_name,Binary Classification,name,borough_name == 'Bronx',simple
37,us_place.csv,us_state_FL,US State,us_state_FL.csv,name,state_name,Binary Classification,name,state_name == 'Florida',simple
38,us_place.csv,us_state_CA,US State,us_state_CA.csv,name,state_name,Binary Classification,name,state_name == 'California',simple
39,us_place.csv,us_state_TX,US State,us_state_TX.csv,name,state_name,Binary Classification,name,state_name == 'Texas',simple
40,us_place.csv,us_timezone_Chicago,US Timezone,us_timezone_Chicago.csv,name,timezone,Binary Classification,name,timezone == 'America/Chicago',simple
41,us_place.csv,us_timezone_New_York,US Timezone,us_timezone_New_York.csv,name,timezone,Binary Classification,name,timezone == 'America/New_York',simple
42,us_place.csv,us_timezone_Los_Angeles,US Timezone,us_timezone_Los_Angeles.csv,name,timezone,Binary Classification,name,timezone == 'America/Los_Angeles',simple
43,world_place.csv,world_country_United_Kingdom,World Country,world_country_United_Kingdom.csv,name,country,Binary Classification,name,country == 'United Kingdom',simple
44,world_place.csv,world_country_United_States,World Country,world_country_United_States.csv,name,country,Binary Classification,name,country == 'United States',simple
45,world_place.csv,world_country_Italy,World Country,world_country_Italy.csv,name,country,Binary Classification,name,country == 'Italy',simple
46,art.csv,art_type_book,Art Type,art_type_book.csv,title,entity_type,Binary Classification,title,entity_type == 'book',simple
47,art.csv,art_type_song,Art Type,art_type_song.csv,title,entity_type,Binary Classification,title,entity_type == 'song',simple
48,art.csv,art_type_movie,Art Type,art_type_movie.csv,title,entity_type,Binary Classification,title,entity_type == 'movie',simple
49,"phys_reasoning.jsonl,phys-reasoning-train-labels.lst",phys_tf,Physical reasoning,phys_tf.csv,"goal,sol1,sol2",label,Binary Classification,,,phys_reasoning_balancer
50,wikidata_sorted_sex_or_gender.arrow,wikidata_sex_or_gender,Wikidata,wikidata_sex_or_gender.csv,text,class,Binary Classification,text,class,hf_handler[simple]
51,wikidata_sorted_is_alive.arrow,wikidata_is_alive,Wikidata,wikidata_is_alive.csv,text,class,Binary Classification,text,class,hf_handler[simple]
52,wikidata_sorted_political_party.arrow,wikidata_political_party,Wikidata,wikidata_political_party.csv,text,class,Binary Classification,text,class,hf_handler[simple]
53,wikidata_sorted_occupation.arrow,wikidata_occupation_isjournalist,Wikidata Occupation,wikidata_occupation_isjournalist.csv,text,class,Binary Classification,text,class == 'journalist',hf_handler[simple]
54,wikidata_sorted_occupation.arrow,wikidata_occupation_isathlete,Wikidata Occupation,wikidata_occupation_isathlete.csv,text,class,Binary Classification,text,class == 'athlete',hf_handler[simple]
55,wikidata_sorted_occupation.arrow,wikidata_occupation_isactor,Wikidata Occupation,wikidata_occupation_isactor.csv,text,class,Binary Classification,text,class == 'actor',hf_handler[simple]
56,wikidata_sorted_occupation.arrow,wikidata_occupation_ispolitician,Wikidata Occupation,wikidata_occupation_ispolitician.csv,text,class,Binary Classification,text,class == 'politician',hf_handler[simple]
57,wikidata_sorted_occupation.arrow,wikidata_occupation_issinger,Wikidata Occupation,wikidata_occupation_issinger.csv,text,class,Binary Classification,text,class == 'singer',hf_handler[simple]
58,wikidata_sorted_occupation.arrow,wikidata_occupation_isresearcher,Wikidata Occupation,wikidata_occupation_isresearcher.csv,text,class,Binary Classification,text,class == 'researcher',hf_handler[simple]
59,wikidata_sorted_occupation_athlete.arrow,wikidata_occupation_isAmericanfootballplayer,Wikidata Occupation Athlete,wikidata_occupation_isAmericanfootballplayer.csv,text,class,Binary Classification,text,"class.str.contains('American football', case=False, na=False)",hf_handler[simple]
60,wikidata_sorted_occupation_athlete.arrow,wikidata_occupation_isbasketballplayer,Wikidata Occupation Athlete,wikidata_occupation_isbasketballplayer.csv,text,class,Binary Classification,text,"class.str.contains('basketball', case=False, na=False)",hf_handler[simple]
61,wikidata_sorted_occupation_athlete.arrow,wikidata_occupation_isbaseballplayer,Wikidata Occupation Athlete,wikidata_occupation_isbaseballplayer.csv,text,class,Binary Classification,text,"class.str.contains('baseball', case=False, na=False)",hf_handler[simple]
62,wikidata_sorted_occupation_athlete.arrow,wikidata_occupation_isAssociationfootballplayer,Wikidata Occupation Athlete,wikidata_occupation_isAssociationfootballplayer.csv,text,class,Binary Classification,text,"class.str.contains('association football', case=False, na=False)",hf_handler[simple]
63,wikidata_sorted_occupation_athlete.arrow,wikidata_occupation_isicehockeyplayer,Wikidata Occupation Athlete,wikidata_occupation_isicehockeyplayer.csv,text,class,Binary Classification,text,"class.str.contains('ice hockey', case=False, na=False)",hf_handler[simple]
64,text_features.arrow,textinfo_contains_digit,TextInfo,textinfo_contains_digit.csv,text,contains_digit|probe_classes,Binary Classification,text,contains_digit|probe_classes,hf_handler[text_info_label]
65,text_features.arrow,textinfo_all_digits,TextInfo,textinfo_all_digits.csv,text,all_digits|probe_classes,Binary Classification,text,all_digits|probe_classes,hf_handler[text_info_label]
66,text_features.arrow,textinfo_contains_capital,TextInfo,textinfo_contains_capital.csv,text,contains_capital|probe_classes,Binary Classification,text,contains_capital|probe_classes,hf_handler[text_info_label]
67,text_features.arrow,textinfo_leading_capital,TextInfo,textinfo_leading_capital.csv,text,leading_capital|probe_classes,Binary Classification,text,leading_capital|probe_classes,hf_handler[text_info_label]
68,text_features.arrow,textinfo_all_capitals,TextInfo,textinfo_all_capitals.csv,text,all_capitals|probe_classes,Binary Classification,text,all_capitals|probe_classes,hf_handler[text_info_label]
69,text_features.arrow,textinfo_contains_whitespace,TextInfo,textinfo_contains_whitespace.csv,text,contains_whitespace|probe_classes,Binary Classification,text,contains_whitespace|probe_classes,hf_handler[text_info_label]
70,text_features.arrow,textinfo_has_leading_space,TextInfo,textinfo_has_leading_space.csv,text,has_leading_space|probe_classes,Binary Classification,text,has_leading_space|probe_classes,hf_handler[text_info_label]
71,text_features.arrow,textinfo_no_leading_space_and_loweralpha,TextInfo,textinfo_no_leading_space_and_loweralpha.csv,text,no_leading_space_and_loweralpha|probe_classes,Binary Classification,text,no_leading_space_and_loweralpha|probe_classes,hf_handler[text_info_label]
72,text_features.arrow,textinfo_contains_all_whitespace,TextInfo,textinfo_contains_all_whitespace.csv,text,contains_all_whitespace|probe_classes,Binary Classification,text,contains_all_whitespace|probe_classes,hf_handler[text_info_label]
73,text_features.arrow,textinfo_is_not_alphanumeric,TextInfo,textinfo_is_not_alphanumeric.csv,text,is_not_alphanumeric|probe_classes,Binary Classification,text,is_not_alphanumeric|probe_classes,hf_handler[text_info_label]
74,text_features.arrow,textinfo_is_not_ascii,TextInfo,textinfo_is_not_ascii.csv,text,is_not_ascii|probe_classes,Binary Classification,text,is_not_ascii|probe_classes,hf_handler[text_info_label]
75,temporal_reasoning.tsv,temp_sense,Temporal Reasoning,temp_sense.csv,"0,1,2",3,Binary Classification,"0 + ' ' + 1 + ' ' + 2",3,simple
76,temporal_reasoning.tsv,temp_cat,Temporal Reasoning,temp_cat.csv,1,4,Multiclass Classification,1,4,simple
77,contextual-reasoning.parquet,context_ans,Contextual Reasoning,context_ans.csv,"context,question,answers",correct_answer_id,Multiclass Classification,,,context_reasoning_rowwise
78,contextual-reasoning.parquet,context_question_type,Contextual Reasoning,context_question_type.csv,question,question_type,Multiclass Classification,question,question_type,simple
79,reasoning-tf-train.parquet,reasoning_tf,Reasoning,reasoning_tf.csv,"question,choices.text,choices.label",answerKey,Multiclass Classification,,,choices_dict_label
80,commonsense_train.csv,cm_correct,Common Sense,cm_correct.csv,input,label,Binary Classification,input,label,simple
81,commonsense_train.csv,cm_isshort,Common Sense,cm_isshort.csv,input,is_short,Binary Classification,input,is_short,simple
82,deontology_train.csv,deon_isvalid,Deontology,deon_isvalid.csv,"scenario,excuse",label,Binary Classification,"scenario + ' ' + excuse",label,simple
83,justice_train.csv,justice_is,Justice,justice_is.csv,scenario,label,Binary Classification,scenario,label,simple
84,virtue_train.csv,virtue_is,Virtue,virtue_is.csv,scenario,label,Binary Classification,scenario,label,simple
85,commonsense_qa.json,cm_qa_tf,Common Sense Questions,cm_qa_tf.csv,question,answer,Binary Classification,question,answer,simple
86,openqa_train.jsonl,open_qa,OpenBookQA,open_qa.csv,"question.stem,question.choices",answerKey,Mutliclass Classification,,,choices_list_label
